id,会社名,通称・旧社名,本社所在地,展開エリア,拠点数,規模区分(大/中/小),メガ系列(有/無/系列名),セグメント(A/B/C/D),主要取扱メーカー,TOKIO取扱(○/×/不明),公式URL,問い合わせフォームURL,メールアドレス,電話番号,推奨送信方法(メール/フォーム/電話),優先度(1-3),送信予定日,送信済,返信,備考
HK01,株式会社菊地,キクチ／kikuchi-produce,北海道札幌市豊平区美園3条8丁目4-17,北海道全域（道内美容室の約半数と取引）,6,中,無,C,アリミノ／ルベル／ミルボン／ホーユー／ナプラ／リアル化学／ハホニコ／COTA／ドクタージュニア（取扱メーカー100社超・400ブランド超）,○,https://www.kikuchi-produce.co.jp/,https://www.kikuchi-produce.co.jp/contact/,info@kikuchi-produce.co.jp,011-811-0981,メール,1,,,,公式サイトは本環境からWebFetch不可（egress遮断）のため検索スニペット経由で確認。会社・営業所案内 https://www.kikuchi-produce.co.jp/office/ に本社TEL/FAX011-811-0285/E-Mail記載。拠点：本社・中央・帯広・釧路・旭川・函館営業所。1967年11月設立。代表 菊地大輝。取扱メーカー頁 https://www.kikuchi-produce.co.jp/item/maker/（Dr.Jr.記載あり）。メールアドレスはサイト本文の直接取得ができていないため送信前に要再確認
HK02,株式会社ガモウ北海道,GAMO HOKKAIDO,北海道札幌市中央区北2条西14丁目3-30,北海道全域,10,大,ガモウ,D,要確認（ガモウグループ。公式取扱メーカー頁未取得）,不明,https://gamo-hokkaido.jp/,https://gamo-hokkaido.jp/contact,,011-208-2500,フォーム,1,,,,公式サイト取得不可（egress遮断）。拠点：札幌本社／統括本部（札幌市西区発寒14条2丁目10-9 発寒ビル TEL011-663-2118）／旭川／釧路／函館／帯広／苫小牧／北見／江別（2022年11月開設）／千歳（2025年10月開設）。従業員85名（2026年1月）。EC「ec.gamo-hokkaido.jp」運営、BeautyMeritとシステム連携。検索結果に notoya@gamo-hokkaido.jp の表示あり（個人名アドレスの可能性・ページ本文未確認のため要確認、メール欄は空欄）。FAX011-208-2511。親会社：株式会社ガモウ（東京）拠点一覧 https://www.gamo.co.jp/about/profile/group/gamo-hokkaido/
HK03,株式会社フジシン北海道,フジシン北海道,北海道札幌市豊平区福住1条7丁目1-1,北海道（札幌・函館・道北=カリフアドーニス）,2,小,フジシングループ,C,ロレアルプロフェッショナル／資生堂プロフェッショナル（取扱メーカー頁 http://fujishinhokkaido.com/maker.html 未取得のため一部のみ）,不明,https://fujishinhokkaido.com/,https://fujishinhokkaido.com/contact.html,info@fujishinhokkaido.com,011-857-1713,メール,2,,,,公式サイト取得不可（egress遮断）。会社案内 https://fujishinhokkaido.com/company.html：1982年3月設立、代表 吉本登充、FAX011-857-1714。函館営業所：函館市梁川町5-10 プライム函館EAST8階805 TEL0138-42-1557。2023年6月30日にカリフアドーニス（旭川）株式100%取得。親会社：株式会社フジシン（東京都新宿区住吉町8-12、1956年設立、https://fujishin.co.jp/）。メールは検索スニペット経由確認のため送信前に要再確認
HK04,株式会社きくや美粧堂 札幌支店,きくや美粧堂,北海道札幌市中央区南1条西7丁目1-3 アルファ南1条ビル1階,北海道（全社：全国）,34,大,きくや美粧堂,A,ウエラ／ロレアル／資生堂プロフェッショナル／ミルボン ほか多数（要確認）,不明,https://www.kikuya-bisyodo.co.jp/,要確認,,011-280-2033,電話,2,,,,"公式サイト取得不可（egress遮断）のため問い合わせフォーム有無未確認。札幌支店FAX011-280-2034（フリーダイヤルFAX0120-002-230）。2021年7月1日に札幌営業所から札幌支店へ拡張移転（https://www.kikuya-bisyodo.co.jp/column/札幌支店-開設のお知らせ/）。支店長 仙波卓也。本社：東京都渋谷区恵比寿西1-13-7 KB'Sアーチビル、1956年設立、資本金4,300万円、従業員約400名、代表 荒清志、全国34事業所。EC「MiCOL」運営。支店ページにメール明記なし"
HK05,株式会社光美容化学 札幌支店,光美容化学,北海道札幌市白石区北郷2条1丁目4-6,北海道・東北（全社）,要確認,大,光美容化学,B,ミルボン／資生堂プロフェッショナル／ウエラ／ナプラ／ルベル／モロッカンオイル／ホーユー／日本ロレアル／ケラスターゼ,不明,http://www.hikari-b.co.jp/,http://www.hikari-b.co.jp/contact/,,011-598-8801,フォーム,2,,,,公式サイト取得不可（egress遮断）。札幌支店FAX011-598-8803（〒003-0832）。別に北海道地区本部：札幌市中央区南1条西11丁目1 コンチネンタルビル8階。本社：青森県弘前市代官町21 TEL0172-36-1234。拠点一覧頁あり（秋田支社・HIROSAKI STUDIO等）だが拠点数未取得。取扱メーカー頁 http://www.hikari-b.co.jp/product/。支店ページにメール明記なし
HK06,株式会社アポロ商事 札幌支店,アポロ商事,北海道札幌市豊平区平岸4条7丁目11-21,北海道・東北・関東（全社）,5,中,IBSグループ,A,要確認（公式取扱メーカー頁未取得）,不明,https://www.apolloshoji.co.jp/,https://apolloshoji.co.jp/contact/,,011-817-0211,フォーム,2,,,,公式サイト取得不可（egress遮断）。本社：宮城県仙台市宮城野区中野字神明156-3 TEL022-352-5571（会社概要 https://www.apolloshoji.co.jp/about/）。拠点：仙台本社／札幌支店／盛岡営業所／郡山営業所／東京オフィス。創業40年超。IBS（http://www.i-bs.jp/）グループ会社。支店ページにメール明記なし
HK07,株式会社カリフアドーニス,カリフアドーニス,北海道旭川市忠和4条1丁目1-26,道北（旭川）,1,小,フジシングループ,C,要確認,不明,要確認,無,,0166-61-6011,電話,3,,,,公式サイト見当たらず（電話帳系のみ）。TEL0166-61-6011／FAX0166-61-6662（iタウンページでは0166-61-6662を電話として掲載、要確認）。2023年6月30日フジシン北海道が株式100%取得、社名・法人はそのまま存続（https://mememag.j-mode.co.jp/news/42320/）。親会社：フジシン北海道（HK03）
HK08,株式会社ダイヤ,ダイヤ（dia-beauty）,北海道札幌市南区川沿13条2丁目4-16,北海道（札幌中心）,1,小,無,C,ミルボン／資生堂／フォード／ハーブマジック,不明,https://dia-beauty.co.jp/,要確認,,011-571-2176,電話,3,,,,追加候補。公式サイト取得不可（egress遮断）。会社概要 https://dia-beauty.co.jp/company/：1979年2月7日設立、代表 梅松周平、社保加入12名。メール明記未確認
HK09,株式会社小林かもじ店,小林かもじ店,北海道旭川市5条通7丁目右10,道北・札幌,2,小,無,C,要確認,不明,https://www.kamoji.co.jp/,https://www.kamoji.co.jp/contact.html,,0166-22-6161,フォーム,3,,,,"追加候補。公式サイト取得不可（egress遮断）。1897年創業（かもじ製造販売元）、資本金1,000万円、従業員20名。札幌営業所：札幌市中央区北4条西16丁目 テルウェル第2ビル5F。contact.htmlは「お問い合わせ一覧」ページでフォーム有無は要確認。メール明記未確認"
HK10,ビューティベンダー株式会社,Beauty Vender,北海道札幌市豊平区平岸3条7丁目1-27 平岸スクエアビル10階,北海道（札幌中心）,1,小,無,D,要確認,不明,https://beauty-vender.co.jp/,無,,011-824-7078,電話,3,,,,"追加候補。公式サイト取得不可（egress遮断）。1985年設立、資本金1,000万円、FAX011-824-7108。美容室限定卸仕入サイト（EC）運営、顧客管理ソフト販売等。会社案内 https://beauty-vender.co.jp/wp/company-profile/ によると問合せフォームはメンテナンス中で電話のみ対応"
TH01,株式会社光美容化学,光美容化学／HIKARI,青森県弘前市大字代官町21,青森・秋田・岩手・宮城・埼玉・北海道（東北中心）,8,中,光美容化学（自社が東北のメガ系列核）,A,ミルボン／資生堂プロフェッショナル／ナプラ／ルベル（タカラベルモント）／ホーユー／日本ロレアル,不明,http://www.hikari-b.co.jp/,http://www.hikari-b.co.jp/contact/,,0172-36-1234,フォーム,1,,,,"取得不可（公式サイト・Baseconnect等がプロキシで403。検索スニペットで補完）。拠点: 弘前本社／青森支社（青森市篠田3-8-20）／八戸地区本部（八戸市小中野3-6-13）／秋田支社（秋田市東通8-1-90）／盛岡／仙台（太白区・宮城野区）／さいたま／札幌 → 拠点数は要確認。1956年設立、従業員20〜50名。取扱メーカーは検索結果ベースで要確認。TOKIO取扱は要確認。根拠: hikari-b.co.jp/company/, /product/, /contact/, mapion, Baseconnect"
TH02,株式会社アポロ商事,アポロ商事,宮城県仙台市宮城野区中野字神明156-3,東北・北海道・関東,5,中,アポロ商事（IBSグループ）,A,要確認,不明,https://www.apolloshoji.co.jp/,https://apolloshoji.co.jp/contact/,,022-352-5571,フォーム,1,,,,"取得不可（公式サイトがプロキシで403。検索スニペットで補完）。拠点: 仙台本社・仙台スタジオ／札幌支店（豊平区平岸）／盛岡営業所・盛岡スタジオ／郡山（福島）営業所／釧路営業所。創業約40年。IBS（i-bs.jp）のGROUP COMPANYページに掲載 → グループ詳細は要確認。取扱メーカーはサイト未取得のため要確認。根拠: apolloshoji.co.jp/about/, /contact/, i-bs.jp/temp.html, Baseconnect"
TH03,株式会社オーゼット商会,オーゼット商会／OZ,山形県山形市宮町一丁目3-39,山形・宮城・青森,3,中,要確認,C,日本ロレアル／ミルボン／ナプラ（山形県唯一の三大メーカー正規代理店と自称）／ピアセラボ／デミコスメティクス／サニープレイス／三資堂製薬 ほか,不明,https://ozshoukai.com/,https://ozshoukai.com/contact/,,023-622-3840,フォーム,2,,,,"取得不可（公式サイトがプロキシで403。検索スニペットで補完）。拠点: 山形本社／仙台営業所（青葉区八幡5-9-32 TEL022-272-2890）／青森営業所（弘前市撫牛子2-6-19 TEL0172-34-9497、㈱オーゼットトーオー名義）。代表取締役 佐藤智幸。受付9:00-17:30、日月定休。TOKIO取扱は要確認。根拠: ozshoukai.com/company/, /brand/, /contact/, itp.ne.jp"
TH04,株式会社キムラビューティサプライ,キムラビューティサプライ,山形県山形市流通センター3丁目1-3,南東北（山形・宮城）,2,小,要確認,C,要確認（ミルボン取扱ありとの検索記述、アペティート化粧品取扱ディーラー掲載）,不明,https://www.kimura-beauty.com/,要確認,,023-622-9252／0120-351-324,電話,3,,,,"取得不可（公式サイトがプロキシで403。検索スニペットで補完）。1957年5月1日設立、代表 木村和明。拠点: 山形本社／仙台営業所（青葉区中山吉成3-8-25 TEL022-277-3502）。事業: 化粧品・医薬品・エステ用品・美容機器・ヘア美容商品の卸小売、サロン向けPC販売。問い合わせフォームの有無は要確認（平日9:00-17:00電話受付）。キムラ株式会社（kimura-co.jp）との関係は要確認。根拠: kimura-beauty.com/?page_id=19, itp.ne.jp, Baseconnect"
TH05,株式会社タチカワ（秋田支店・仙台支店・福島支店）,タチカワ／JBL TACHIKAWA,新潟県新潟市東区大形本町6-8-14（本社）／東北拠点: 秋田市・仙台市・会津若松市,新潟・東北（秋田・宮城・福島）・東京,6,中,BIC HD（検索結果に「BIC HDをはじめ複数メーカーを取扱」との記述、系列かは要確認）,A,要確認,不明,https://www.jbl-tachikawa.co.jp/,要確認,sales@jbl-tachikawa.co.jp,025-275-6666（本社）／018-887-5522（秋田）／022-227-3141（仙台）／080-4600-7879（福島）,メール,2,,,,"取得不可（公式サイトがプロキシで403。検索スニペットで補完）。メールは検索スニペット上で公式会社情報ページ由来として表示されたもの → 直接確認できていないため送信前に要確認。東北拠点: 秋田支店（秋田市東通1-11-7）／仙台支店（青葉区中央2-2-10 仙都会館2F）／福島支店（会津若松市花春町2-34）。他に東京支店（港区芝3-3-12）、新潟物流センター。取扱メーカーは /makers/ ページ未取得のため要確認。根拠: jbl-tachikawa.co.jp/company/, /makers/, Baseconnect支店ページ, kando-fukushima.jp"
TH06,株式会社アルファコーポレーション,アルファコーポレーション（ガモウグループ）,岩手県盛岡市愛宕町2-41,東北（岩手・宮城・秋田・山形）,3,中,ガモウ,A,要確認（ガモウ系のためミルボン等主要メーカー取扱と推定、要確認）,不明,http://www.alpha-corpo.co.jp/,要確認,,0120-086-720,電話,2,,,,"追加調査分。取得不可（公式サイト・gamo.co.jpがプロキシで403。検索スニペットで補完）。1955年12月創業。拠点: 盛岡本社／仙台営業所／大館営業所（秋田）ほか、山形も営業エリア → 拠点数は要確認。ガモウ公式グループ会社ページに掲載。受付平日10:00-17:00。根拠: gamo.co.jp/about/profile/group/alpha-corpo/, alpha-corpo.co.jp, mynavi"
TH07,株式会社瀬戸商会,瀬戸商会,福島県郡山市安積3丁目12,福島（郡山・いわき）,2,小,要確認,C,要確認（AQUSH/doal取扱ディーラー掲載）,不明,https://www.seto-beauty.co.jp/,要確認,,024-937-1233,電話,3,,,,"追加調査分。取得不可（公式サイトがプロキシで403。検索スニペットで補完）。1947年9月創業、1957年5月設立、資本金5000万円。拠点: 本社・郡山店（安積3-12）／いわき店（いわき市平下片寄字北作6 TEL0246-38-4114）。事業: 美容用品卸販売、不動産賃貸、イベントホール。問い合わせフォーム有無は要確認。根拠: seto-beauty.co.jp/gaiyou, seto-beauty-recruit.jp/company/"
KK01,株式会社センビホールディングス,"センビHD／Senbi,Inc.",栃木県宇都宮市西川田本町2-10-51,関東（栃木・茨城・群馬・千葉・埼玉）・福島,5,中,センビHD,A,ミルボン／アリミノ／ナプラ／ロレアル・ケラスターゼ／ルベル（タカラベルモント）／白鶴／フォンテーヌ ほか,不明,https://www.senbi-beauty.com/,https://www.senbi-beauty.com/contact/,,028-645-3911,フォーム,1,,,,取得不可（公式サイトはegressプロキシで遮断、検索スニペット・法人DBから補完）。持株会社。グループ会社：宇都宮センビ／小山センビ／郡山センビ／さいたまセンビ／Leaps／DEGRESS（首都圏オフィス）。拠点数はグループ事業会社5社として記載（営業所含む実数は要確認）。センビスタジオ（本社・宇都宮・郡山・小山）で教育セミナー開催。取扱メーカー一覧 https://www.senbi-beauty.com/supplier/ 。FAX 028-659-4405。メール記載有無は要確認
KK02,株式会社宇都宮センビ,,栃木県宇都宮市西川田本町2-10-51,栃木・茨城,4,中,センビHD,A,ミルボン／アリミノ／ナプラ／ロレアル・ケラスターゼ／ルベル ほか（グループ共通）,不明,https://www.senbi-beauty.com/custom_map/%E3%88%B1%E5%AE%87%E9%83%BD%E5%AE%AE%E3%82%BB%E3%83%B3%E3%83%93/,https://www.senbi-beauty.com/contact/,,028-666-0077,フォーム,2,,,,取得不可（公式サイト遮断）。拠点：本社／栃木営業所／那須オフィス／水戸支店（各所の個別住所・電話は要確認、検索結果では本社と同一表示）。従業員32名（SalesNow）。FAX 028-659-4407。センビHD傘下
KK03,株式会社小山センビ,,栃木県小山市西城南2-10-3,栃木・群馬・茨城・千葉,4,中,センビHD,A,ミルボン／アリミノ／ナプラ／ロレアル・ケラスターゼ／ルベル ほか（グループ共通）,不明,https://www.senbi-beauty.com/custom_map/%E5%B0%8F%E5%B1%B1%E6%94%AF%E7%A4%BE/,https://www.senbi-beauty.com/contact/,,0285-31-1364,フォーム,2,,,,取得不可（公式サイト遮断）。拠点：本社／群馬営業所（前橋市上新田町4-4 TEL027-212-2898）／つくば営業所（つくば市学園の森3-29-5 TEL029-886-8310）／千葉営業所（柏市柏4-6-4 5F）。従業員28名。センビHD傘下
KK04,株式会社郡山センビ,旧センビ商事郡山営業所,福島県郡山市香久池2-16-11,福島,2,小,センビHD,A,ミルボン／アリミノ／ナプラ／ロレアル・ケラスターゼ／ルベル ほか（グループ共通）,不明,https://www.senbi-beauty.com/custom_map/%E3%88%B1%E9%83%A1%E5%B1%B1%E3%82%BB%E3%83%B3%E3%83%93/,https://www.senbi-beauty.com/contact/,senbiko@titan.ocn.ne.jp,024-935-2725,メール,2,,,,取得不可（公式サイト遮断）。メールアドレスは公式サイト内㈱郡山センビページの検索スニペットに記載されていたもの（直接取得は未確認・要確認）。拠点：本社／福島営業所。FAX 024-935-2726。センビHD傘下
KK05,株式会社さいたまセンビ,旧春日部センビ（合併）／センビ商事,埼玉県さいたま市北区吉野町1-410-3,埼玉,1,小,センビHD,A,ミルボン／アリミノ／ナプラ／ロレアル・ケラスターゼ／ルベル ほか（グループ共通）,不明,https://www.senbi-beauty.com/custom_map/%E3%88%B1%E3%81%95%E3%81%84%E3%81%9F%E3%81%BE%E3%82%BB%E3%83%B3%E3%83%93/,https://www.senbi-beauty.com/contact/,,048-729-4331,フォーム,2,,,,取得不可（公式サイト遮断）。株式会社春日部センビと合併。代表 寺澤宏起。採用サイト https://job-gear.net/senbi/ 。拠点数は本社のみ確認（要確認）。センビHD傘下
KK06,株式会社Leaps,リープス,埼玉県さいたま市南区太田窪5-23-2 メゾン恵比寿1階B,埼玉・首都圏,1,小,センビHD,A,ミルボン／アリミノ／ナプラ／ロレアル・ケラスターゼ／ルベル ほか（グループ共通・要確認）,不明,https://leaps2022.com/,要確認,,048-767-8290,電話,3,,,,取得不可（leaps2022.com・senbi-beauty.com とも遮断）。センビHDサイトのグループ拠点一覧に㈱Leapsとして掲載。同名の別業種企業（リープス内装、合同会社LEAPS港区）多数あり混同注意。グループ共通フォーム https://www.senbi-beauty.com/contact/ も利用可
KK07,株式会社YAMAZAKI,ヤマザキ／ECサイト「YAMAZAKI Prime Store」,群馬県前橋市日吉町4-38-19,北関東（群馬・栃木・茨城）・新潟・長野・北陸・東京・神奈川・宮崎,12,大,無,D,要確認,不明,https://yrbs.co.jp/,https://yrbs.co.jp/page/contact.html,maebashi@yrbs.co.jp,027-234-2748,メール,1,,,,"取得不可（yrbs.co.jp・y-ps.net とも遮断）。メールはECサイト y-ps.net 特商法表記（検索スニペット）に記載のもの（前橋大渡町1-18-3 TEL027-289-9333）で本社代表メールかは要確認。拠点：前橋本社／太田／小山／新潟／長野／横浜／つくば／北陸／東京2拠点／宮崎／流通センター（サイトマップ検索結果より）。設立1983年、資本金1,000万円、従業員約74〜100名、代表 山崎貢。EC「YAMAZAKI Prime Store」 https://y-ps.net/ 運営。ハラ㈱の取扱ディーラー一覧に掲載"
KK08,ニューアルファーサポート有限会社,NEW ALPHA SUPPORT,群馬県前橋市元総社町531-5,群馬,1,小,無,C,要確認,不明,https://www.new-alpha-support.com/,要確認,,027-251-4647,電話,3,,,,取得不可（公式サイト遮断）。設立1972年5月、従業員5〜10名。フリーダイヤル0120-11-4647。美容材料卸に加え店舗設計・施工・セミナー開催を実施。J-Coin Pay加盟
ST01,株式会社東和,TOWA Eternal Beauty,東京都江戸川区船堀3-9-4,東京東部・首都圏（要確認）,要確認,中,無,D,アペティート化粧品／アリミノ（アンリサンク）／他（取扱メーカーページあり・詳細取得不可）,不明,https://www.towa22.co.jp/,https://www.towa22.co.jp/contact/,towa@towa22.co.jp,03-3687-7893,メール,1,,,,公式サイト取得不可（egress proxy遮断）。メールtowa@towa22.co.jpは検索結果スニペット（Facebook/会社情報）で確認、サイト本文での明記は要確認。1967年創業・1971年法人化、従業員50-149名。根拠: https://www.towa22.co.jp/company/ https://www.towa22.co.jp/contact/ https://www.facebook.com/towa22/
ST02,株式会社レボ,REVO／REVO+（レボプラス）／B-ZONE立川店,東京都立川市柴崎町2-11-20,東京多摩・首都圏＋EC全国,1,小,無,D,要確認（大手メーカー正規代理店として10万点以上取扱と記載）,不明,https://www.e-revo.co.jp/,https://www.e-revo.co.jp/contact/,,042-526-3350,フォーム,1,,,,公式サイト取得不可（egress proxy遮断）。1946年創業・1974年設立、資本金1000万円、従業員25名、年商22億円。EC「REVO+」（b-zone.biz、美容師約9万人利用）運営。根拠: https://www.e-revo.co.jp/company/ https://www.b-zone.biz/help/about
ST03,WILL株式会社,旧社名アイン,東京都板橋区,東京・首都圏（要確認）,要確認,要確認,無,C,要確認（パートナーページあり・取得不可）,不明,https://www.will-inc.biz/,要確認,,03-5997-7001,電話,2,,,,公式サイト取得不可（egress proxy遮断）。電話番号は電話帳系サイト（24u.jp/e-shops）で確認。番地・設立・拠点は要確認。根拠: https://www.will-inc.biz/about/ https://www.will-inc.biz/partners/
ST04,株式会社荒井美材,荒井美材（アライビザイ）,東京都杉並区高円寺南4-18-11,東京西部（高円寺周辺）,1,小,無,C,要確認（ホームケア商材・医療提携メニュー中心。フロムアース等）,不明,https://arai-bizai.com/,要確認,,03-3312-7090,電話,3,,,,公式サイト取得不可（egress proxy遮断）。エバーグループ・ベル美容外科クリニックの医療提携ディーラー。法人番号2011301012474。根拠: https://arai-bizai.com/ https://houjin.jp/c/2011301012474
ST05,株式会社ビフォレ,ビフォレ,東京都中野区沼袋2-2-4,東京・首都圏（要確認）,1,小,無,C,要確認（30社以上・5000点以上を自社倉庫管理と記載）,不明,https://www.beautybeforet.com/,要確認,,要確認,電話,3,,,,公式サイト取得不可（DNS解決不可）。2019年12月設立、法人番号3011201021863。電話番号は検索結果に無し。根拠: https://www.beautybeforet.com/ https://info.gbiz.go.jp/hojin/ichiran?hojinBango=3011201021863
ST06,有限会社ミナト,ミナト,神奈川県海老名市東柏ケ谷5-7-5,神奈川県中心,1,小,無,C,要確認,不明,https://minato8664.simdif.com/,無,,046-232-8664,電話,3,,,,公式サイト取得不可（egress proxy遮断）。FAX 046-232-5619。検索結果でメールアドレスの記載はあるが難読化（[email protected]）のため取得不可。取引実績900店舗以上。営業9-18時（日・火休）。根拠: https://itp.ne.jp/info/147988490200000899/
ST07,株式会社きくや美粧堂,きくや美粧堂,東京都渋谷区恵比寿西1-13-7 KB'Sアーチビル,全国（東京・岐阜ほか複数支店）,要確認,大,きくや美粧堂（本体）,A,要確認（取扱メーカーページあり・取得不可）,不明,https://www.kikuya-bisyodo.co.jp/,要確認,,要確認,電話,2,,,,追加調査分。公式サイト取得不可（egress proxy遮断）。1948年創業・1956年1月設立、資本金4300万円、従業員400名。2023年Head Office Second・2025年恵比寿支店を恵比寿西1-16-6に開設。根拠: https://www.kikuya-bisyodo.co.jp/about/ https://opencorpdata.com/lei/3538001ODX5YNC440F06
ST08,株式会社ガモウ,GAMO,東京都港区南青山2-27-25 ヒューリック南青山ビル,全国（東北〜九州、グループ含め約50拠点）,23,大,ガモウ（本体）,A,要確認（取扱メーカーページあり・取得不可。4万アイテム以上）,不明,https://www.gamo.co.jp/,要確認,,03-5414-6581,電話,2,,,,追加調査分。公式サイト取得不可（egress proxy遮断）。1927年創業、資本金6000万円、従業員517名（2025/10）、売上337億円（2025/3期）。グループ会社にガモウ関西・ガモウリッタ・ガモウ広島・ガモウ北海道等。日経MJ卸売業調査ディーラー売上No.1。根拠: https://www.gamo.co.jp/about/profile/outline/ https://www.gamo.co.jp/about/profile/base/
ST09,株式会社フジシン,フジシン,東京都新宿区住吉町8-12,全国（東京本社・大阪・青森営業所）,3,中,無,A,要確認（世界の有名ブランド化粧品中心。取り扱いブランドページあり・取得不可）,不明,https://fujishin.co.jp/,要確認,,03-3357-4141,電話,2,,,,追加調査分。公式サイト取得不可（egress proxy遮断）。1956年設立、従業員183〜226名（グループ計）。スタジオFASTAⅡ運営。根拠: https://fujishin.co.jp/about/ https://www.mapion.co.jp/phonebook/M26016/13104/21399169276/
KH01,株式会社タチカワ,旧BICタチカワ（2017〜2021年はBIC HD傘下）,新潟県新潟市東区大形本町6-8-14,新潟を本拠に東北・関東（東京支店あり）／詳細要確認,要確認,大,無（2021年8月31日にBIC HDとの資本関係解消・独立）,A,要確認（サイト取得不可のため取扱ブランド未確認）,不明,https://www.jbl-tachikawa.co.jp/,https://www.jbl-tachikawa.co.jp/contact/,sales@jbl-tachikawa.co.jp,025-275-6666,フォーム,1,,,,"取得不可（jbl-tachikawa.co.jp が egress proxy で遮断、検索スニペットのみ）。設立1946年4月／従業員115名（正社員80名）／代表 小西彰弘／FAX 025-279-1708。メール sales@jbl-tachikawa.co.jp・planning@jbl-tachikawa.co.jp（宣伝企画部門）は検索結果由来で本文未確認のため要確認。BIC HD関係：2016年12月ダリア（福岡・業界3位）とタチカワ（業界6位）が資本業務提携、2017年2月共同株式移転で持株会社BICホールディングス設立（ダリア＋タチカワ＋トーコー合計売上230億円で業界2位）。コロナ下の意思決定迅速化のため2021年8月31日をもって資本業務提携解消、9月より「タチカワ」として再スタート（ロゴ刷新、業務提携は継続方針）。根拠: beautopia.jp/48486, mememag.j-mode.co.jp/news/28305, shinbiyo.com/sj/?p=10145, value-press.com/pressrelease/170843, baseconnect（東京支店の記載）"
KH02,キムラ株式会社,北陸シェアNo.1美容ディーラー（金沢店あり）,福井県福井市西開発4丁目608,福井・石川・富山・滋賀・岐阜,要確認,中,要確認,A,ミルボン／タカラベルモント（ルベル）／他（取扱ブランドページあり）,不明,https://kimura-co.jp/,https://kimura-co.jp/contact/（検索結果でフォームあり・URL要確認）,,0776-53-1234,フォーム,2,,,,"取得不可（kimura-co.jp・recruit-kimura.com が遮断）。本社は金沢ではなく福井市（金沢店: 石川県金沢市大友1-96 TEL 076-237-5255）。設立1960年10月／従業員57名／代表 遠山晴能。営業拠点ページ kimura-co.jp/field-office/ あり（拠点数は未取得）。Instagramで新規取引はDM受付と記載。金沢の「株式会社キムラ３９」「キムラビューティサプライ」は別会社。根拠: kimura-co.jp/company-overview/, 291jobs.pref.fukui.lg.jp, instagram.com/kimura.beauty"
KH03,株式会社彦田,HIKOTA,石川県金沢市尾張町1-4-12,北陸三県（石川・富山・福井）／通販は全国,5,中,ガモウ（GAMOグループ会社）,A,国内外200社以上・2万点超（GAMOグループオリジナル／オリオセタ／モロッカンオイル 等）／大手メーカーは要確認,不明,https://www.hikota.com/,https://www.hikota.com/contact/,,076-264-3221,フォーム,1,,,,"取得不可（hikota.com・gamo.co.jp が遮断、検索スニペットのみ）。創業1946年。拠点: 本社（金沢）／富山支店 076-492-5560／福井支店 0776-97-9930／小松営業所 0761-22-5429／七尾営業所 0767-53-5551。営業9:00-18:00 日月祝休（本社は日祝休）。ECサイト HIKOTA E-SHOP（eshop.hikota.com）運営、スタジオ・セミナー多数（DX/EC姿勢あり）。inquiryページ hikota.com/inquiry/ も存在。根拠: hikota.com/aboutus/overview/, hikota.com/aboutus/branch/, gamo.co.jp/about/profile/group/hikota/"
KH04,株式会社Trotsやよい,トロッツやよい,山梨県甲府市蓬沢町1296-1,山梨県内全域,1,小,要確認,C,要確認,不明,要確認（公式サイト未確認・法人番号5090001002404）,無,,055-235-1666,電話,3,,,,要確認：公式サイトが検索で見つからず（タウンページ・Yahoo!ロコ・engage求人のみ）。理美容機械器具・用品の卸、美容室向けルートセールス（社有車で山梨全域）。営業時間 平日9:00-17:00。engage: en-gage.net/yayoi_trots/。ハラ株式会社の取扱ディーラー一覧（hara-beauty.jp/dealer/）に掲載の可能性あり（取得不可）
KH05,有限会社プロショップゼスト,ゼスト（長野市）,長野県長野市平林1-16-22,長野県内,1,小,要確認,C,要確認（取り扱いメーカーページ proshop-zest.co.jp/brand/ あり）,不明,https://proshop-zest.co.jp/,https://proshop-zest.co.jp/contact/,,026-259-6784,フォーム,3,,,,"取得不可（proshop-zest.co.jp が遮断）。追加調査（長野）。FAX 026-259-6794、営業9:00-18:30 日月休。長野県内の美容室・理容室向け業務用品卸（カラー・パーマ材・店販・機材）、新規開店・改装支援。新規お取引ページ proshop-zest.co.jp/wholesale/ あり。同市に「トピーゼスト株式会社（ミルボン取扱）」あり（関係要確認）。根拠: proshop-zest.co.jp/about/, companyinformation.jp/corp/7100002004453/"
KH06,ビーエムサプライ株式会社,BMサプライ,富山県富山市赤田849-3,富山・石川・福井,3,中,要確認,C,要確認（取扱メーカーページ bms-net.com/maker/ あり）,不明,https://www.bms-net.com/,https://www.bms-net.com/contact/,,076-491-3605,フォーム,2,,,,"取得不可（bms-net.com が遮断）。追加調査（富山）。代表 前田利雄／従業員20名。拠点: 富山本社 076-491-3605／石川支店（金沢市馬替2-38-4）076-298-8192／福井支店（福井市和田東1-2102）0776-50-2804。根拠: bms-net.com/company/, gbiz 3230001002572, baseconnect"
KH07,株式会社カミシマ,,富山県高岡市木津新1589,富山県,1,小,要確認,C,要確認,不明,https://kamishima-beauty.com/,要確認（kamishima-beauty.com/entry/ はエントリー用）,,0766-22-3105,電話,3,,,,"取得不可（kamishima-beauty.com が遮断）。追加調査（富山）。昭和24年創業、約70年の富山県地域密着ディーラー。メニュー提案・技術フォロー・販促サポート・開業支援あり。根拠: kamishima-beauty.com/, salesnow.jp/db/companies/jcbvn96aascs1gtdd"
TK01,株式会社ルフト,LUFT／PRESS!!!（project-luft.com）,愛知県名古屋市中区千代田3-18-24,東海（愛知・岐阜・三重・静岡）・長野・関西／関連会社ルフト北陸（富山・石川）／Web注文で全国配送,5,中,無（独立系・要確認）,D,要確認（サポートメーカーリンクページあり project-luft.com/company/maker）,不明,http://luft-ltd.jp/,要確認,n.mori@luft-ltd.jp,要確認,メール,1,,,,"取得不可（luft-ltd.jp/project-luft.com 共に egress 403）。メールは検索エンジンのスニペット（luft-ltd.jp 会社案内）で確認したのみで実ページ未閲覧のため送信前に要再確認。拠点=名古屋本社・名古屋スタジオ・浜松支店・関西支店(大阪)・物流センター(小牧)。別会社ルフト北陸(luft-hokuriku.com 富山本社 076-461-7603・金沢)。EC: ec-luft.com。創業1948年・代表 村瀬信幸・資本金1,000万円。根拠: project-luft.com/company"
TK02,株式会社ツキヤマ,,愛知県豊田市田代町8-25-1,愛知・岐阜・三重・静岡（三河拠点）,要確認,要確認,無（要確認）,A,COTA／ナプラ／デミ／ロレアル／リスペクツ／ヴォヤージュ,不明,https://e-tsukiyama.co.jp/,https://e-tsukiyama.co.jp/contact/,,0565-71-2011,フォーム,1,,,,"取得不可（e-tsukiyama.co.jp egress 403）。フォーム・LINE問い合わせありと検索結果に記載。受付9:00〜17:30。ツキヤマ･アーティスティック･センター（研修施設）あり。根拠: e-tsukiyama.co.jp/company/, /contact/、新美容出版記事"
TK03,ミズノ株式会社,Salon Service Company MIZUNO／Me STORE（会員制EC）,愛知県名古屋市中区大須2-3,愛知・岐阜・静岡,6,中,無（要確認）,D,要確認,不明,https://sss-mizuno.co.jp/,要確認,,要確認,フォーム（要確認）,1,,,,"取得不可（sss-mizuno.co.jp egress 403）。拠点=名古屋本社・三河支店(岡崎)・岐阜営業所・商品管理部(名古屋)・B-ZONE名古屋(大須)・ミズノ静岡(株)。創業140年超・資本金1,000万円・代表 水野雅毅・従業員42名(SalesNow)。EC: mestore.sss-mizuno.co.jp。注意: 株式会社みずの(mizuno-beauty.co.jp)は別会社。根拠: sss-mizuno.co.jp/html/company/"
TK04,美容商事アイチ株式会社,,愛知県名古屋市名東区高針台1-301,要確認,要確認,小,無,C,要確認,不明,無（公式サイト未確認）,無,,0120-114-727,電話,3,,,,"要確認：gBizINFO（法人番号7180001002814）で登記記録が閉鎖（清算の結了等）と表示。廃業済みの可能性が高く送付対象から除外を推奨。設立1978年・従業員2〜10名(LinkedIn)。根拠: info.gbiz.go.jp, itp.ne.jp"
TK05,株式会社リズムコーポレーション,,愛知県刈谷市一ツ木町2-7-25,東海地区,1,小,無,C,ホーユー／ウエラ プロフェッショナル,不明,https://www.rizumuco.jp/,https://www.rizumuco.jp/contact,,0566-23-0352,フォーム,2,,,,"取得不可（rizumuco.jp egress 403）。FAX 0566-23-3303。創業30年余。サロンコンサル・セミナー事業併営。注意: 株式会社リズム(rizumu.co.jp)は別会社。根拠: rizumuco.jp/company-info, /manufacturer"
TK06,株式会社n.b.e,nbe／n.entrepot（エヌアントルポ・サロン専用EC）,愛知県名古屋市西区香呑町3-27,愛知・岐阜・三重（中部エリア）,要確認,要確認,無（要確認）,D,要確認（ヘアカラー・ヘアケア中心）,不明,https://nbe-japan.com/,要確認,,052-532-3225,電話（フォーム要確認）,2,,,,"取得不可（nbe-japan.com egress 403）。FAX 052-529-1288。EC: nbe-entrepot.shop。注意: 株式会社NBE(nbe.co.jp)・株式会社エヌビーイー(新宿・ビル管理)は別会社。根拠: nbe-japan.com, nbe-trading-firm.business.site"
TK07,三栄美容株式会社,,愛知県名古屋市瑞穂区鍵田町2-47,東海地方,1,小,無,C,COTA／美髪矯正ウラノス／GLTドクターヒート（正規代理店）,不明,https://saneibiyou.com/,要確認（メール・LINE問い合わせ有りとの記載）,,052-853-5881,フォーム（要確認）,2,,,,"取得不可（saneibiyou.com egress 403）。受付9:00〜16:00（土日祝除く）。設立1963年8月・資本金3,600万円・代表 西本幸右。根拠: saneibiyou.com/gaiyou/"
TK08,株式会社ガモウリッタ（GAMO RITTA）,旧 株式会社小林美材商社（2021年9月改称）,愛知県名古屋市守山区金屋2-381（旧本社: 春日井市柏井町1-91）,愛知（名古屋・尾張）,要確認,要確認,ガモウグループ（2020年4月〜）,C,要確認（ガモウ系）,不明,https://gamoritta.jp/,要確認,,052-778-8095,電話,3,,,,"取得不可（kobayashibizai.co.jp DNS解決不可、gamoritta.jp 未取得）。旧TEL 0568-31-8095。FAX 052-737-2096。創業1959年。ガモウ系列のため本部方針の確認推奨。根拠: hairmode.jp/news/mm29148/, boblog.tv, gamo.co.jp/about/profile/group/"
TK09,アイビックス株式会社,IBX,岐阜県大垣市三本木2-10,岐阜県,1,小,無,C,デミ（取扱代理店掲載）／他 要確認,不明,https://ibx-co.com/,要確認,,0584-73-1515／0120-37-1516,電話,2,,,,"取得不可（ibx-co.com egress 403）。FAX 0584-73-1290。代表 伊藤直美（女性代表）。住所表記は「三本木2-10」と「三本木3丁目2番地」の2通りあり要確認。根拠: ibx-co.com, ibx-co.hp4u.jp/corporation, demi.nicca.co.jp 代理店一覧"
TK10,株式会社ビューティ,ピュア販売静岡,静岡県浜松市中央区早出町223-7,静岡県西部,1,小,無,C,70社以上取扱（詳細 要確認）,不明,https://pure-shizuoka-beauty.com/,要確認,,要確認,電話,2,,,,"取得不可（pure-shizuoka-beauty.com egress 403）。創業1976年。技術・経営セミナー併営。Instagram @shizuoka.beauty.co（代表キシタ）。注意: 株式会社ビューティースマイル(浜松)は別会社。根拠: pure-shizuoka-beauty.com/company/, /manufacturer/, itp.ne.jp"
TK11,有限会社トワニ美容商事,,三重県松阪市嬉野中川新町3-48,三重県全域,1,小,無,C,デミ／ハラ／ジュエル・コスメティックス（各社代理店一覧掲載）,不明,無（公式サイト未確認）,無,,0598-42-5102,電話,3,,,,"公式サイトは検索で見つからず（法人番号6190002015369）。FAX 0598-42-5139。根拠: mapion, itp.ne.jp, demi.nicca.co.jp, hara-beauty.jp/dealer/, jewel-cosme.jp"
KN01,株式会社ヤマモト高陽,KOYO（KOYO-FC）,滋賀県栗東市北中小路5-2,近畿中心（滋賀・大阪・三重）,6,中,無（推定・独立系）,A,ウエラ／ミルボン／ナプラ／ナンバースリー／ナカノ／ヘンケル／資生堂プロ（60社以上と提携）,不明,https://www.yamamotokoyo.com/,https://www.yamamotokoyo.com/%E3%81%8A%E5%95%8F%E5%90%88%E3%81%9B,,彦根営業所 0749-25-2140／大阪営業所 06-6155-1220（本社番号は要確認）,フォーム,1,,,,取得不可（公式サイト・第三者サイトともegress遮断のため検索スニペットのみで記載）。拠点=本社＋彦根営業所（彦根市野口町）＋大阪営業所（豊中市上新田）＋FC3（三重・都島・藤井寺）。1983年設立。ロイヤリティ0円のディーラーFC「KOYO-FC」を展開、セミナー・販促制作あり。メール記載は未確認。根拠: yamamotokoyo.com検索結果、Baseconnect、engage、note（女性モード社）
KN02,株式会社谷商会,TANI TRADING COMPANY,兵庫県神戸市中央区海岸通2-1-2 共栄ビルディング701,神戸・姫路・大阪（Instagram表記）,要確認,中（推定）,要確認,C,要確認,不明,https://www.kobe-tani.com/,要確認,,078-391-3211,電話,2,,,,取得不可（egress遮断）。会社概要ページ https://www.kobe-tani.com/company/ の存在は検索で確認。経営理念「美しく貢献する」、セミナー運営・開業支援・集客/採用コンサル・SNS支援を実施。日本ヘアケアマイスター協会リストに掲載。取扱メーカー・拠点数・フォーム有無は要確認。根拠: kobe-tani.com検索結果、Compalyze、Instagram @tani_trading_company
KN03,株式会社マックス,美容総合商社マックス（大阪）,大阪府大阪市（詳細要確認）,大阪（推定）,要確認,要確認,要確認,C,要確認,不明,http://osaka-mcs.co.jp/,要確認,,要確認,電話,3,,,,取得不可（egress遮断）。同名企業多数（八尾市の石鹸メーカー soapmax.co.jp、自動車関連 macs.co.jp 等）につき同定は osaka-mcs.co.jp（美容室・理容室・エステ向け総合商社、開業支援・内外装・IT・研修）に限定。LINE公式アカウントあり（page.line.me/pfh7041u）。会社概要ページ http://osaka-mcs.co.jp/company あり。住所・電話・メーカーは要確認
KN04,株式会社タクサム,TAKSAM,大阪府東大阪市（詳細要確認）,関西（大阪・神戸・京都・奈良）・東海,要確認,要確認,要確認,C,要確認,不明,https://www.taksam.jp/,要確認,,要確認,電話,2,,,,取得不可（egress遮断）。「価値創造ディーラー」を標榜、セミナー・イベント告知やメーカー絆会などブログ更新が活発、Instagram @taksam_official 運営。ヘアケア商材販売＋サロン開発トータルプロデュース（OpenWork）。会社概要・問い合わせ・取扱メーカーは要確認。根拠: taksam.jp検索結果、OpenWork、Instagram
KN05,株式会社インテンス,INTENSE／関連会社イフイング（IFING）,大阪府大阪市北区（梅田ツインタワーズ・サウス18F・関西統合拠点）,全国（関西は梅田に統合、他エリア要確認）,要確認,要確認,無（自社グループ：イフイング）,B,要確認（自社関連メーカーIFING製品ほか）,不明,https://intense-z.com/,要確認,,要確認,電話,1,,,,取得不可（egress遮断）。会社情報ページ https://intense-z.com/company/ あり。代表取締役会長 冬廣應尚、社長 冬廣憲二。ディーラー業＋情報システム開発＋イベント企画運営。大阪・心斎橋と京都・四条烏丸の営業所を統合し梅田ツインタワーズ・サウス18階に関西統合拠点を開設（meme mag）。関連会社イフイング（化粧品・医薬部外品メーカー、www.ifing.com）がメーカー機能を担う。採用サイト recruit.intense-z.com。拠点数・電話・メール・フォームは要確認
KN06,株式会社シスカール,CYSCURL,大阪府大阪市東淀川区豊里1-9-19,大阪（推定）,要確認,小（推定）,要確認,C,要確認,不明,http://www.cyscurl.com/,要確認,,06-6327-8364（FAX 06-6327-1466）,電話,3,,,,取得不可（egress遮断）。「より高い技術を求めるサロンスタッフのための総合美容企業」。法人番号8120001051923（化粧品卸売業）。別法人「株式会社シスカールK」（5120001164554）が存在、関係は要確認。アイメディア近畿ディーラー一覧に掲載。根拠: cyscurl.com検索結果、日経COMPASS、iタウンページ、houjin.jp
KN07,有限会社クリエイト・システム,クリエイトシステム,大阪府藤井寺市道明寺1-9-31-109,大阪南河内（推定）,1,小,要確認,C,要確認,不明,要確認（公式サイト未発見）,無,,072-931-3220,電話,3,,,,取得不可（公式サイトが検索で見つからず、電話帳系サイトもegress遮断）。理容・美容機器・用品卸売業（Yahoo!ロコ／iタウンページ／NAVITIME）。ワイマック ジュエル・コスメティックスの取引先ディーラー一覧に掲載。ヤマモト高陽の藤井寺営業所（FC）との関係有無は要確認。根拠: itp.ne.jp/info/274032350134380150/、loco.yahoo.co.jp
KN08,有限会社アルファーキューブ,アルファーキューブ,奈良県北葛城郡広陵町（詳細要確認）,奈良（推定）,1,小,要確認,C,要確認,不明,要確認（公式サイト未発見）,無,,要確認,電話,3,,,,取得不可（公式サイト未発見、e-shops等の電話帳サイトもegress遮断）。理美容機械器具・用品卸（e-shops）。アイメディア近畿ディーラー一覧・ワイマック取引先一覧に掲載。住所番地・電話番号は要確認。根拠: el.e-shops.jp/local/nsh/1192000925.html、kamiu.jp/deel-029/
KN09,株式会社GOROI（ゴロイ商店）,ゴロイ商店／GOROI,和歌山県有田郡湯浅町別所266-1,和歌山（推定）,1,小,要確認,C,要確認,不明,https://www.goroi.jp/,要確認,,0737-63-5656,電話,3,,,,取得不可（egress遮断）。公式サイトは「美容材料、美容室開業総合サイト」を標榜（会社概要 https://www.goroi.jp/cp.htm）。KnockListでは法人名「株式会社ＧＯＲＯＩ」。開業支援・機器販売・セミナー研修を掲載。メール・フォーム・取扱メーカーは要確認。根拠: goroi.jp検索結果、マピオン電話帳、iタウンページ、なび和歌山
CS01,株式会社ミラビス,ミシマ／旧ミシマ株式会社（2023年6月1日社名変更）／ミラビスグループ（ミラビスウエスト・ミラビスイースト・ミラビスソリューション）,広島県福山市沖野上町4-8-23,中国（広島・岡山・島根・山口）／四国（香川・愛媛）／兵庫（姫路）／九州（福岡）／関東（東京）,10,大,無,A,ミルボン／ウエラ／ルベル／アリミノ／ビーエックス／ホーユー／デミ／資生堂プロ／ナンバースリー／ナプラ,不明,https://miravis.co.jp/,https://miravis.co.jp/contact/,,084-922-6081,フォーム,1,,,,"公式サイト直接取得不可（egress遮断）・検索スニペット由来。「ミラビス」はEC/ブランド名ではなく2023/6/1にミシマ(株)から変更した正式社名（持株会社化）。拠点=福山本社・岡山支社・広島支社・松江支社・松山支社・高松支社・山口営業所・姫路営業所・福岡支社・東京支社。取扱メーカーは products.miravis.co.jp/makers/（商品EC/情報サイト）由来。根拠: miravis.co.jp/company/, /sites/, /contact/, shinbiyo.com/spwnews/?p=13242, hairmode.jp/news/mm40767/"
CS02,株式会社マインド.,MIND／マインドグループ（美容専門学校・美容室併営）,広島県広島市中区十日市町2-5-1,中国地方（広島中心）,要確認,小,無,C,要確認,不明,https://mind.ac/,要確認,,082-240-4020,電話,3,,,,"公式サイト直接取得不可（egress遮断）。1986年創業、営業5名・事務4名の小規模ディーラー。電話番号はタウンページ掲載（掲載住所が中区大手町のため本社移転の可能性あり・要確認）。同名の他業種「株式会社マインド」多数のため注意。根拠: mind.ac/about/, townpage.goo.ne.jp matomeid=340962434127441720, baseconnect"
CS03,株式会社井上,井上（いのうえ）／昭和12年創業,岡山県岡山市北区北方3-5-20,岡山・広島・兵庫,要確認,中（推定）,無,C,ルベル／ミルボン／アジュバン,不明,https://inoue-ribiyo.jp/,要確認,,086-232-2233,電話,2,,,,"公式サイト直接取得不可（egress遮断）。理容・美容両方の卸、セミナー・カットスクール等教育事業併営。資本金3,000万円。タカラベルモントとの長期取引あり。営業所数は要確認。根拠: inoue-ribiyo.jp, townpage.goo.ne.jp matomeid=334370624400000899, takarabelmont.co.jp/100th/interview/inoue/"
CS04,株式会社トピーネクスト,TOPYNEXT／旧 株式会社TOPY NEXT／トピー商事岡山支店から2016年9月20日法人化／トピーグループ,岡山県岡山市中区藤崎564-3,岡山・広島・島根（松江）・北海道（札幌）・三重（松阪）・和歌山・京都・福岡,8,中,無（トピーグループ＝トピー商事系、メガ系列外）,A,ミルボン／デミ／ニューウェイジャパン／テクノエイト／ビューティーエクスペリエンス,不明,https://topynext.com/,要確認,,086-201-1224,電話,1,,,,"公式サイト直接取得不可（egress遮断）。「ミルボン販売代理店日本一」を標榜。拠点数は検索スニペット上の拠点列挙から8前後と推定（要確認、topynext.com/corporate/base/ 参照）。LINE公式あり。根拠: topynext.com, topynext.com/corporate/base/, houjin.jp/c/9260001029954"
CS05,株式会社ガモウウェスト,旧 株式会社オーニシ（2024年10月1日社名変更）／GAMO Ouest,岡山県岡山市北区清輝本町8-13,中国・四国,要確認,中（推定）,ガモウ,C,要確認（ガモウグループ取扱に準ずると推定）,不明,https://gamo-ouest.co.jp/,https://gamo-ouest.co.jp/contact/,,086-225-0575,フォーム,2,,,,"公式サイト直接取得不可（egress遮断）。「オーニシ」は2024/10/1に株式会社ガモウウェストへ社名変更済み。ガモウ（東京）の子会社で中国四国エリア担当。定期訪問・プロ専用フロア・トレーニングスタジオを運営。根拠: gamo.co.jp/news/29691/, gamo.co.jp/about/profile/group/024gamo/, gamo-ouest.co.jp/company/, itp.ne.jp/info/334926324400000899/"
CS06,株式会社高松美容,タカビ,香川県高松市鹿角町183-1,香川,1,小,無,C,シュワルツコフ プロフェッショナル／ビーエックス,不明,https://www.k-takabi.com/,要確認（サイト内にメールフォームありとの記載）,,087-866-3600,フォーム,3,,,,"四国追加分。公式サイト直接取得不可（egress遮断）。1970年創業、従業員13名。根拠: k-takabi.com/company.php, k-takabi.com/business.php, gbizinfo 3470001002474"
CS07,株式会社パシオンハマダ,パシオンハマダ,愛媛県松山市保免上1-11-26,愛媛・高知・東京・沖縄・北海道・福岡,6,中,無,A,要確認,不明,https://www.pasionhamada.com/,要確認,,089-943-5615,電話,2,,,,"四国追加分。公式サイト直接取得不可（egress遮断）。1967年設立、資本金3,100万円。拠点=松山本社・東京営業所（渋谷区笹塚）・沖縄営業所（那覇）・高知・北海道・福岡（pasionhamada.com/branch/）。根拠: pasionhamada.com/branch/, itp.ne.jp/info/389890146400000899/, nikkei compass"
CS08,株式会社ハナブサ,ハナブサ,香川県高松市三谷町1848-1,香川・徳島・愛媛・岡山,3,中,無,C,要確認,不明,https://www.e-hanabusa.com/,要確認,,087-899-8723,電話,2,,,,"四国追加分。公式サイト直接取得不可（egress遮断）。1984年設立。拠点=本社（三谷町）・高松営業所（成合町1577-1）・徳島営業所。美容室開業支援・経営コンサル併営。フリーダイヤル0120-108723の掲載あり。根拠: e-hanabusa.com/company/index.html, compalyze.co.jp/company/9470001003392, townpage.goo.ne.jp"
KY01,株式会社コスモ,株式会社COSMO／コスモグループ（コスモホールディングス）,福岡県福岡市南区長丘3-23-33,九州全域（福岡・北九州・熊本ほか）・アジア展開,要確認,大,無（自社グループ：コスモホールディングス／Createion）,A,要確認（モロッカンオイル提携は確認。ミルボン等は要確認）,不明,https://cosmo-beauty.jp/,https://cosmo-beauty.jp/contact/,,092-551-1387,フォーム,1,,,,取得不可（公式サイト・cosmo-group.netともegressプロキシで遮断、検索スニペットで補完）。約50年前に大分県中津市の理容ディーラーとして創業、福岡へ拡大。事業所一覧 https://cosmo-group.net/site/aboutus/listofoffice.html（福岡・北九州・熊本の拠点をInstagram等で確認）。FAX 092-551-7811。代表 貝塚弘幸。グループ問合せ https://cosmo-group.net/site/contact/index.html。拠点数・取扱メーカー要確認。
KY02,タカハシ株式会社,旧・有限会社高橋商店（1942年創業、1991年組織変更）,福岡県福岡市中央区平尾5-5-37,福岡・佐賀・長崎・熊本・大分,3,中,要確認,C,要確認,不明,https://www.takahashi-corporation.jp/,要確認,,092-531-6531,電話,2,,,,"取得不可（公式サイトegressプロキシで遮断、iタウンページ・Baseconnect・検索スニペットで補完）。本社＋佐賀営業所（佐賀市）＋北九州営業所（八幡西区）。従業員20名、資本金1,000万円、代表 髙橋弘司。会社案内 https://www.takahashi-corporation.jp/会社案内/企業概要 。フォーム有無・取扱メーカー要確認。"
KY03,株式会社サトー,サトー（tba-sato）,福岡県飯塚市,福岡・山口・大分・佐賀・長崎・熊本,4,中,要確認,C,要確認,不明,http://tba-sato.co.jp/,要確認,,要確認,電話,2,,,,取得不可（公式サイトegressプロキシで遮断、検索スニペットで補完）。飯塚本社＋久留米・福岡・北九州の各拠点（Facebook https://www.facebook.com/tba.sato/ ）。総合美容ディーラー、セミナー・開業支援・販促物対応。番地・電話・フォーム・取扱メーカー要確認。
KY04,株式会社リリー,リリー美容商会（1959年別府市田の湯町創業）／関連：株式会社リリーWEST（2015年設立・関西）,大分県別府市堀田1組-1（リリーWEST登記住所）,大分・九州（本体）／関西（リリーWEST）,要確認,中,無,C,要確認,不明,https://lily-west.com/,要確認,,要確認,電話,2,,,,取得不可（lily-west.com・e-shops等egressプロキシで遮断、検索スニペットで補完）。e-shops掲載: 株式会社リリー（別府市・理美容機械器具・用品）。創業者 西門義清。別府本体の独自サイト有無・電話・拠点数・取扱メーカー要確認。lily-west.com/about/ に沿革あり。
KY05,有限会社ナカムラ優美堂,ナカムラ優美堂,熊本県熊本市北区大窪1-7-4,熊本県中心・九州,1,小,無,C,要確認,不明,https://k-yubido.co.jp/,要確認,,096-345-7000,電話,3,,,,取得不可（公式サイトegressプロキシで遮断、gooタウンページ・なび熊本・検索スニペットで補完）。1976年創業、従業員6名（役員2名含む）。会社概要 https://k-yubido.co.jp/gaiyo/ 、特商法表記 https://k-yubido.co.jp/hyouki/ （EC有の可能性・要確認）。理念「誠・信・望」。
KY06,株式会社安永,ys-beauty／トータルビューティ研究所,佐賀県小城市小城町,佐賀・福岡・熊本・大阪・東京・神奈川・宮城（仙台）・千葉,要確認,中,無,B,要確認（仏Skin Haptics 日本独占販売・自社商品企画あり）,不明,https://ysb-create.com/,要確認,,要確認,電話,2,,,,取得不可（ysb-create.com・ys-beauty.co.jp・gooタウンページ等egressプロキシで遮断、検索スニペットで補完）。会社情報 https://ysb-create.com/company/ 。旧URL http://ys-beauty.co.jp/ 。創業1871年（明治4年）由来の100年超企業、代表 安永正。サロン事業・スクール（JNA認定ネイル）・国際事業。展開エリアは代表Instagramプロフィールに基づく。拠点数・電話・取扱メーカー要確認。
KY07,株式会社サンビューティナイル,旧・株式会社ネイル商会,沖縄県那覇市泊3-4-14,沖縄県内,1,小,無,C,要確認（取扱ブランドページあり: http://107644-001.akibare.ne.jp/brand ）,不明,https://www.sunbeautynile.com/,要確認,,098-864-1766,電話,2,,,,取得不可（sunbeautynile.com・akibare.ne.jpともegressプロキシで遮断、検索スニペットで補完）。フリーダイヤル 0120-176650。代表取締役 屋比久進。前身ネイル商会から約70年、那覇本社から県内サロンへ配送・経営サポート、経営セミナー開催（ https://www.beauty-business-nile.com/ ）。会社概要 https://www.sunbeautynile.com/company-profile 。
KY08,株式会社玉寄美容商事,旧・合名会社玉寄美容商事（2022年株式会社化）,沖縄県那覇市識名1-1-35,沖縄県内,1,小,無,C,タマリス（沖縄総代理店）／タカラベルモント／レオンカ／フォンテーヌ／ミズタニシザーズ,不明,https://www.big-advance.site/c/172/1285,要確認,,要確認,電話,3,,,,取得不可（big-advance.site・マピオン・ボブログ等egressプロキシで遮断、検索スニペットで補完）。1972年11月設立。法人番号7360003001580。ヘアケア商材卸・セミナー・ワックス商材。会社案内 https://www.big-advance.site/c/172/1285/profile 、Facebook https://www.facebook.com/tamayosebeautycompany/ 。電話・フォーム要確認。
KY09,ソニック（株式会社ソニック）,Sonic,鹿児島県鹿児島市（要確認）,鹿児島,要確認,小,要確認,D,要確認,不明,http://www.sonic-sky.jp/,要確認,,要確認,電話,3,,,,取得不可（公式サイトegressプロキシで遮断、検索スニペットのみ）。鹿児島の美容ディーラー。美容室開業支援・内装工事・HP作成運用・販促支援・スキルアップ支援・美容商材卸。正式社名・所在地・電話・法人格は要確認：同定不十分。追加候補（鹿児島）。
KY10,株式会社NEXT INNOVATION,ネクストイノベーション,鹿児島県霧島市,鹿児島県,要確認,小,要確認,C,要確認,不明,https://www.next-innovation-bs.com/,要確認,,要確認,電話,3,,,,取得不可（公式サイトegressプロキシで遮断、検索スニペットのみ）。「予防美容」コンセプトの理美容ディーラー、セミナー・研修開催。番地・電話・取扱メーカー要確認。追加候補（鹿児島）。長崎・宮崎は検索上限（200回）到達により候補特定できず。
